request,title,winner,description,publisher
"항상 사무실에서 가장 먼저 전화를 받는 사람에게 상을 주고 싶어.","전화 응답왕상","김전화","항상 전화가 울리기 무섭게 먼저 받아내는 그의 빠른 대처 능력을 칭찬하기 위해 이 상을 수여합니다.","빠른 대응 전문가 협회"
"항상 업무를 먼저 시작하는 사람에게 상을 주고 싶어.","업무 선발대상","박선행","언제나 남들보다 먼저 업무를 시작하며 앞서 나가는 그의 열정을 칭찬하기 위해 이 상을 수여합니다.","선도적 직장인 모임"
"항상 사무실 창문을 열어 환기를 시키는 사람에게 상을 주고 싶어.","환기 마스터상","최공기","사무실의 신선한 공기를 책임지는 그의 세심함을 칭찬하기 위해 이 상을 수여합니다.","쾌적한 사무실 협회"
"항상 문서의 꼼꼼한 검토를 맡아주는 사람에게 상을 주고 싶어.","문서 검토왕상","정문서","항상 중요한 문서들을 빠짐없이 검토하며 오류를 잡아내는 그의 세심함을 칭찬하기 위해 이 상을 수여합니다.","완벽한 문서 검토팀"
"항상 팀의 회의를 정리하는 사람에게 상을 주고 싶어.","회의 요약자상","요약왕","회의의 복잡한 내용을 간단하게 정리해 팀원들에게 도움을 주는 그의 요약 실력을 칭찬하기 위해 이 상을 수여합니다.","효율적 회의팀"
"항상 동료의 컴퓨터 문제를 해결해주는 사람에게 상을 주고 싶어.","IT 해결사상","컴왕","사무실 내 IT 문제를 척척 해결해주는 그의 능력을 칭찬하기 위해 이 상을 수여합니다.","IT 지원팀"
"항상 팀원들에게 작은 선물을 준비하는 사람에게 상을 주고 싶어.","깜짝 선물왕상","박서프","작은 선물로 팀원들에게 기쁨을 주는 그의 배려심을 칭찬하기 위해 이 상을 수여합니다.","서프라이즈 협회"
"항상 일찍 출근하는 사람에게 상을 주고 싶어.","새벽 출근자상","일찍도착","항상 사무실에 일찍 도착해 남들보다 먼저 하루를 시작하는 그의 성실함을 칭찬하기 위해 이 상을 수여합니다.","일찍 출근 모임"
"항상 사무실 냉장고를 깔끔하게 정리하는 사람에게 상을 주고 싶어.","냉장고 정리왕상","김정리","사무실 냉장고를 깔끔하게 정리하며 모두를 편안하게 해주는 그의 배려를 칭찬하기 위해 이 상을 수여합니다.","정리의 달인 협회"
"항상 노트북을 가지고 다니는 사람에게 상을 주고 싶어.","노트북 마니아상","박노트","항상 노트북을 챙기며 언제 어디서나 업무를 처리하는 그의 준비성을 칭찬하기 위해 이 상을 수여합니다.","모바일 워크포스 협회"
"항상 팀원들의 야근을 대신해주는 사람에게 상을 주고 싶어.","야근 천사상","이야근","동료들의 야근을 자발적으로 대신해주는 그의 헌신을 칭찬하기 위해 이 상을 수여합니다.","야근 지킴이 협회"
"항상 팀원들의 사진을 찍어주는 사람에게 상을 주고 싶어.","포토그래퍼상","사진왕","항상 팀의 기억을 사진으로 남기며 추억을 기록하는 그의 감각을 칭찬하기 위해 이 상을 수여합니다.","사내 사진작가 모임"
"항상 팀원들에게 기프티콘을 보내는 사람에게 상을 주고 싶어.","기프티콘 나눔왕상","김기프","작은 선물로 팀원들에게 따뜻한 마음을 전하는 그의 배려심을 칭찬하기 위해 이 상을 수여합니다.","기프티콘 장려회"
"항상 팀의 분위기를 부드럽게 만드는 사람에게 상을 주고 싶어.","분위기 메이커상","분위기왕","사무실 내 긍정적인 분위기를 주도하며 모두를 웃게 만드는 그의 유쾌함을 칭찬하기 위해 이 상을 수여합니다.","사내 분위기 관리 협회"
"항상 사무실에서 화분을 관리하는 사람에게 상을 주고 싶어.","화분 가드너상","박화분","사무실 화분을 관리하며 쾌적한 환경을 유지하는 그의 세심함을 칭찬하기 위해 이 상을 수여합니다.","사무실 환경 관리팀"
"항상 팀원들의 건강을 챙기는 사람에게 상을 주고 싶어.","건강 지킴이상","박건강","항상 팀원들의 건강을 걱정하며 챙겨주는 그의 배려심을 칭찬하기 위해 이 상을 수여합니다.","건강한 직장 협회"
"항상 사무실에서 에너지를 절약하는 사람에게 상을 주고 싶어.","에너지 절약왕상","최에코","사무실에서 에너지를 아끼며 환경 보호에 앞장서는 그의 실천을 칭찬하기 위해 이 상을 수여합니다.","친환경 사무실 협회"
"항상 팀원들에게 업무 노하우를 전수하는 사람에게 상을 주고 싶어.","노하우 전달자상","이노하우","자신의 업무 노하우를 아낌없이 공유하며 팀의 발전을 돕는 그의 열정을 칭찬하기 위해 이 상을 수여합니다.","지식 공유 모임"
"항상 사무실 문을 처음 여는 사람에게 상을 주고 싶어.","문 열기 선발대상","김문열","사무실 문을 가장 먼저 열며 새로운 하루를 시작하는 그의 부지런함을 칭찬하기 위해 이 상을 수여합니다.","아침 일찍 출근 협회"
"항상 팀원들에게 다과를 제공하는 사람에게 상을 주고 싶어.","다과 배달왕상","정다과","사무실에서 간식을 나누어주며 모두의 에너지를 채워주는 그의 배려를 칭찬하기 위해 이 상을 수여합니다.","다과 나눔 협회"
"항상 일정 관리를 철저히 하는 사람에게 상을 주고 싶어.","일정 관리왕상","김일정","일정을 철저히 관리하며 팀이 시간을 효율적으로 사용할 수 있도록 돕는 그의 체계성을 칭찬하기 위해 이 상을 수여합니다.","시간 관리 전문가 협회"
"항상 사무실에서 음악을 추천하는 사람에게 상을 주고 싶어.","음악 큐레이터상","박음악","팀원들에게 분위기 좋은 음악을 추천해주며 업무 분위기를 활기차게 만드는 그의 센스를 칭찬하기 위해 이 상을 수여합니다.","음악 추천 모임"
"항상 차를 타고 출근하는 사람에게 상을 주고 싶어.","출퇴근 운전자상","운전왕","항상 차를 운전해 출근하며 누구보다 일찍 사무실에 도착하는 그의 성실함을 칭찬하기 위해 이 상을 수여합니다.","자차 출퇴근 모임"
"항상 팀원들의 생일을 챙기는 사람에게 상을 주고 싶어.","생일 플래너상","이생일","항상 팀원들의 생일을 잊지 않고 챙기며 모두에게 따뜻한 마음을 전달하는 그의 세심함을 칭찬하기 위해 이 상을 수여합니다.","사내 생일 축하 모임"
"항상 점심 메뉴를 결정해주는 사람에게 상을 주고 싶어.","메뉴 결정자상","박메뉴","팀원들에게 매일 점심 메뉴를 추천하며 선택의 부담을 덜어주는 그의 결단력을 칭찬하기 위해 이 상을 수여합니다.","점심 메뉴 추천 위원회"
"항상 회의실을 가장 먼저 예약하는 사람에게 상을 주고 싶어.","회의실 선점왕상","최예약","회의실을 남들보다 먼저 예약하며 팀의 회의 일정을 효율적으로 관리하는 그의 추진력을 칭찬하기 위해 이 상을 수여합니다.","효율적 회의 예약 모임"
"항상 팀의 제안서를 완벽하게 작성하는 사람에게 상을 주고 싶어.","제안서 장인상","제안왕","팀을 위한 완벽한 제안서를 작성해 업무의 성공을 이끄는 그의 꼼꼼함을 칭찬하기 위해 이 상을 수여합니다.","제안서 작성 전문가 협회"
"항상 팀원들의 불만을 경청하는 사람에게 상을 주고 싶어.","불만 경청왕상","이경청","항상 동료들의 불만을 경청하며 그들의 감정을 이해하고 지지하는 그의 배려심을 칭찬하기 위해 이 상을 수여합니다.","사내 경청 위원회"
"항상 사무실에서 기분 좋은 향기를 뿌리는 사람에게 상을 주고 싶어.","향기 전도사상","향기왕","사무실에 기분 좋은 향기를 퍼뜨려 모두의 기분을 상쾌하게 해주는 그의 감각을 칭찬하기 위해 이 상을 수여합니다.","향기로운 사무실 모임"
"항상 사무실 비밀번호를 기억해주는 사람에게 상을 주고 싶어.","비밀번호 수호자상","김비번","사무실의 중요한 비밀번호를 모두 외우며 팀원들의 업무를 편리하게 만들어주는 그의 기억력을 칭찬하기 위해 이 상을 수여합니다.","비밀번호 관리 협회"
"항상 동료들에게 유용한 기사를 공유하는 사람에게 상을 주고 싶어.","기사 큐레이터상","기사왕","팀원들에게 유용한 정보와 기사를 꾸준히 공유하며 업무에 도움을 주는 그의 정보력을 칭찬하기 위해 이 상을 수여합니다.","정보 공유 전문가 모임"
"항상 책상 위를 깨끗이 유지하는 사람에게 상을 주고 싶어.","책상 정리왕상","정책상","항상 책상 위를 깔끔하게 유지하며 쾌적한 업무 환경을 제공하는 그의 깔끔함을 칭찬하기 위해 이 상을 수여합니다.","정리 정돈 전문가 협회"
"항상 업무 메일에 답장을 빠르게 보내는 사람에게 상을 주고 싶어.","신속 답장자상","답장왕","항상 업무 메일에 신속하게 답장을 보내며 커뮤니케이션을 원활하게 돕는 그의 빠른 대처 능력을 칭찬하기 위해 이 상을 수여합니다.","신속한 소통 전문가 협회"
"항상 팀원들에게 업무 힌트를 주는 사람에게 상을 주고 싶어.","힌트 제공자상","힌트왕","업무에 도움이 되는 힌트를 제공해 팀의 성공을 돕는 그의 통찰력을 칭찬하기 위해 이 상을 수여합니다.","업무 힌트 전문가 모임"
"항상 사무실에서 가장 많이 타자를 치는 사람에게 상을 주고 싶어.","타자왕상","타자왕","사무실에서 누구보다 빠르게 타자를 치며 업무 효율성을 높이는 그의 타자 실력을 칭찬하기 위해 이 상을 수여합니다.","사내 타자왕 모임"
"항상 업무 마감일을 지키는 사람에게 상을 주고 싶어.","마감일 준수자상","이마감","항상 모든 업무 마감일을 철저히 지키며 팀의 신뢰를 쌓는 그의 책임감을 칭찬하기 위해 이 상을 수여합니다.","프로젝트 마감 전문가 협회"
"항상 업무 관련 책을 가장 먼저 읽는 사람에게 상을 주고 싶어.","독서 선구자상","선구자왕","팀에서 업무 관련 책을 가장 먼저 읽으며 지식을 쌓는 그의 학구열을 칭찬하기 위해 이 상을 수여합니다.","사내 독서 장려팀"
"항상 팀원들에게 실수를 용서해주는 사람에게 상을 주고 싶어.","실수 용서자상","이용서","동료들의 실수를 너그럽게 용서하며 사내 분위기를 편안하게 만드는 그의 관대함을 칭찬하기 위해 이 상을 수여합니다.","사내 용서 장려회"
"항상 팀원들에게 웃음을 주는 사람에게 상을 주고 싶어.","웃음 전도사상","이웃음","항상 팀원들에게 웃음을 선사하며 밝은 분위기를 만드는 그의 유머 감각을 칭찬하기 위해 이 상을 수여합니다.","유쾌한 사무실 만들기 협회"
"항상 팀의 경비를 절약해주는 사람에게 상을 주고 싶어.","경비 절약왕상","박절약","항상 회사 경비를 아끼며 팀의 재정을 효율적으로 관리하는 그의 경제적 사고를 칭찬하기 위해 이 상을 수여합니다.","경비 절감 전문가 모임"
"항상 사무실에 가장 늦게까지 남는 사람에게 상을 주고 싶어.","사무실 지킴이상","지킴왕","항상 사무실에 늦게까지 남아 마지막까지 업무를 완수하는 그의 책임감을 칭찬하기 위해 이 상을 수여합니다.","사무실 마감 팀"
"항상 회식에서 분위기를 띄우는 사람에게 상을 주고 싶어.","회식 분위기 메이커상","최회식","회식 자리에서 모두를 즐겁게 만들며 분위기를 띄우는 그의 유쾌함을 칭찬하기 위해 이 상을 수여합니다.","즐거운 회식 만들기 모임"
"항상 팀원들에게 창의적인 아이디어를 제공하는 사람에게 상을 주고 싶어.","창의력 천재상","이창의","팀의 발전을 위해 창의적인 아이디어를 아낌없이 제공하는 그의 상상력을 칭찬하기 위해 이 상을 수여합니다.","창의적 직장인 모임"
"항상 팀원들의 사소한 요청을 잊지 않고 챙기는 사람에게 상을 주고 싶어.","사소한 배려왕상","배려왕","작은 요청도 잊지 않고 챙기며 동료들에게 세심한 배려를 보여주는 그의 마음씨를 칭찬하기 위해 이 상을 수여합니다.","사소한 배려 장려회"
"항상 사무실에서 모니터를 가장 깔끔하게 유지하는 사람에게 상을 주고 싶어.","모니터 청결왕상","김모니터","항상 자신의 모니터를 깨끗하게 유지하며 청결한 업무 환경을 만드는 그의 깔끔함을 칭찬하기 위해 이 상을 수여합니다.","청결한 사무실 유지팀"
"항상 팀원들에게 긍정적인 피드백을 제공하는 사람에게 상을 주고 싶어.","긍정 피드백상","이긍정","팀원들에게 긍정적인 피드백을 아낌없이 제공하며 사기를 높이는 그의 따뜻한 마음을 칭찬하기 위해 이 상을 수여합니다.","긍정적 피드백 장려회"
"항상 사무실에서 커피 머신을 관리하는 사람에게 상을 주고 싶어.","커피 머신 관리자상","김커피","사무실 커피 머신을 꼼꼼히 관리하며 모두에게 커피를 제공하는 그의 배려를 칭찬하기 위해 이 상을 수여합니다.","커피 애호가 모임"
"항상 팀원들에게 좋은 책을 추천하는 사람에게 상을 주고 싶어.","책 추천자상","이책","팀원들에게 유익한 책을 꾸준히 추천하며 지식의 폭을 넓히는 그의 열정을 칭찬하기 위해 이 상을 수여합니다.","사내 독서 추천팀"
"항상 사무실의 조명을 끄고 나가는 사람에게 상을 주고 싶어.","조명 수호자상","최조명","사무실의 마지막 퇴근자로서 항상 조명을 끄고 나가는 그의 책임감을 칭찬하기 위해 이 상을 수여합니다.","사무실 마감 전문가 모임"
"항상 팀원들의 의견을 수용하는 사람에게 상을 주고 싶어.","의견 수용자상","김수용","팀원들의 다양한 의견을 열린 마음으로 받아들이며 협력하는 그의 유연함을 칭찬하기 위해 이 상을 수여합니다.","의견 수용 장려회"
"항상 사무실에서 새로운 기술을 먼저 시도하는 사람에게 상을 주고 싶어.","신기술 선구자상","이신기","새로운 기술을 가장 먼저 시도하며 업무 효율성을 높이는 그의 도전 정신을 칭찬하기 위해 이 상을 수여합니다.","신기술 도입 전문가 모임"
"항상 팀원들에게 좋은 식당을 추천하는 사람에게 상을 주고 싶어.","맛집 추천왕상","최맛집","팀원들에게 맛있는 식당을 추천하며 점심 시간을 즐겁게 만드는 그의 센스를 칭찬하기 위해 이 상을 수여합니다.","맛집 탐방 협회"
"항상 가족의 아침을 책임지는 사람에게 상을 주고 싶어.","아침 요리왕상","박아침","매일 가족의 아침을 준비하며 따뜻한 시작을 선물하는 그의 정성을 칭찬하기 위해 이 상을 수여합니다.","가족 요리 협회"
"항상 가족의 건강을 챙기는 사람에게 상을 주고 싶어.","건강 지킴이상","최건강","가족의 건강을 세심하게 챙기며 모두가 건강하게 지낼 수 있도록 하는 그의 배려를 칭찬하기 위해 이 상을 수여합니다.","가족 건강 관리 협회"
"항상 아이들과 놀아주는 사람에게 상을 주고 싶어.","놀이 친구상","김놀이","아이들과 시간을 보내며 그들의 웃음을 만들어내는 그의 따뜻한 마음을 칭찬하기 위해 이 상을 수여합니다.","가족 놀이 전문가 모임"
"항상 가족의 생일을 잊지 않고 챙기는 사람에게 상을 주고 싶어.","생일 챙김왕상","이생일","가족의 생일을 잊지 않고 축하하며 특별한 날을 만들어주는 그의 기억력을 칭찬하기 위해 이 상을 수여합니다.","가족 이벤트 기획팀"
"항상 가족의 외식을 주도하는 사람에게 상을 주고 싶어.","외식 리더상","박외식","가족 외식을 주도하며 모두가 즐거운 시간을 보낼 수 있도록 하는 그의 센스를 칭찬하기 위해 이 상을 수여합니다.","가족 외식 전문가 협회"
"항상 가족에게 유머를 전하는 사람에게 상을 주고 싶어.","가족 웃음 전도사상","김웃음","가족에게 밝은 웃음을 전하며 집안을 활기차게 만드는 그의 유머 감각을 칭찬하기 위해 이 상을 수여합니다.","가족 웃음 치료 협회"
"항상 집안일을 먼저 도와주는 사람에게 상을 주고 싶어.","집안일 도우미상","이도우","집안일을 가장 먼저 나서서 도와주는 그의 성실함과 책임감을 칭찬하기 위해 이 상을 수여합니다.","가족 가사 분담 모임"
"항상 가족의 저녁 식사를 준비하는 사람에게 상을 주고 싶어.","저녁 요리왕상","박저녁","가족을 위해 매일 저녁 식사를 준비하며 풍성한 식탁을 차리는 그의 요리 실력을 칭찬하기 위해 이 상을 수여합니다.","가족 요리 마스터 협회"
"항상 가족과 함께 시간을 보내는 사람에게 상을 주고 싶어.","가족 시간왕상","김가족","가족과 함께 보내는 시간을 소중히 여기며 사랑을 나누는 그의 헌신을 칭찬하기 위해 이 상을 수여합니다.","가족 시간 관리 전문가 협회"
"항상 가족에게 좋은 책을 추천하는 사람에게 상을 주고 싶어.","독서 추천자상","이책","가족에게 유익한 책을 추천하며 지식의 나눔을 실천하는 그의 열정을 칭찬하기 위해 이 상을 수여합니다.","가족 독서 장려회"
"항상 가족의 자동차를 관리하는 사람에게 상을 주고 싶어.","자동차 관리왕상","최자동차","가족의 자동차를 꼼꼼히 관리하며 안전한 운행을 책임지는 그의 세심함을 칭찬하기 위해 이 상을 수여합니다.","가족 차량 관리 전문가 협회"
"항상 가족 여행을 계획하는 사람에게 상을 주고 싶어.","여행 기획자상","박여행","가족 여행을 철저히 기획해 모두가 즐거운 추억을 쌓을 수 있도록 하는 그의 기획 능력을 칭찬하기 위해 이 상을 수여합니다.","가족 여행 전문가 모임"
"항상 가족의 일정을 조율하는 사람에게 상을 주고 싶어.","일정 조율왕상","김일정","가족의 일정을 조율하며 모두가 원활하게 시간을 맞출 수 있도록 돕는 그의 세심함을 칭찬하기 위해 이 상을 수여합니다.","가족 일정 관리 협회"
"항상 가족의 스트레스를 풀어주는 사람에게 상을 주고 싶어.","스트레스 해소왕상","이스트레스","가족의 스트레스를 풀어주는 방법을 찾아주며 모두를 편안하게 만드는 그의 배려를 칭찬하기 위해 이 상을 수여합니다.","가족 힐링 전문가 모임"
"항상 가족의 세탁물을 관리하는 사람에게 상을 주고 싶어.","세탁왕상","최세탁","가족의 세탁물을 깔끔하게 관리하며 모두의 옷을 책임지는 그의 깔끔함을 칭찬하기 위해 이 상을 수여합니다.","가족 세탁 전문가 모임"
"항상 가족의 식료품을 장보는 사람에게 상을 주고 싶어.","장보기 마스터상","박장보기","가족을 위해 필요한 식료품을 빠짐없이 구입해 풍족한 식탁을 준비하는 그의 꼼꼼함을 칭찬하기 위해 이 상을 수여합니다.","가족 장보기 전문가 협회"
"항상 가족의 숙제를 도와주는 사람에게 상을 주고 싶어.","숙제 도우미상","김숙제","가족의 숙제를 도와주며 학습의 성취를 돕는 그의 인내심과 헌신을 칭찬하기 위해 이 상을 수여합니다.","가족 학습 도우미 협회"
"항상 가족의 웃음을 책임지는 사람에게 상을 주고 싶어.","웃음 메이커상","박웃음","가족에게 끊임없는 웃음을 선사하며 집안을 즐겁게 만드는 그의 유쾌함을 칭찬하기 위해 이 상을 수여합니다.","가족 유머 전문가 모임"
"항상 가족에게 따뜻한 차를 준비해주는 사람에게 상을 주고 싶어.","따뜻한 차 전도사상","이차","가족에게 따뜻한 차 한 잔을 준비하며 마음을 녹이는 그의 배려를 칭찬하기 위해 이 상을 수여합니다.","가족 힐링 음료 협회"
"항상 가족의 집안 청소를 맡아하는 사람에게 상을 주고 싶어.","청소 마스터상","청소왕","집안 곳곳을 깔끔하게 청소해 쾌적한 환경을 만들어주는 그의 노력과 섬세함을 칭찬하기 위해 이 상을 수여합니다.","가족 청소 협회"
"항상 가족의 재정을 관리하는 사람에게 상을 주고 싶어.","가족 재정 관리자상","박재정","가족의 재정을 철저히 관리해 안정적인 가정 생활을 유지하는 그의 책임감을 칭찬하기 위해 이 상을 수여합니다.","가족 재정 전문가 협회"
"항상 가족에게 건강한 식단을 제공하는 사람에게 상을 주고 싶어.","건강식 요리왕상","이건강","가족에게 건강한 식단을 제공해 모두가 균형 잡힌 식사를 할 수 있도록 하는 그의 정성을 칭찬하기 위해 이 상을 수여합니다.","가족 건강식 전문가 협회"
"항상 가족의 작은 일에도 감사함을 표현하는 사람에게 상을 주고 싶어.","감사 표현왕상","최감사","가족의 사소한 일에도 감사함을 잊지 않고 표현하는 그의 따뜻한 마음을 칭찬하기 위해 이 상을 수여합니다.","가족 감사 협회"
"항상 가족의 취미 활동을 함께하는 사람에게 상을 주고 싶어.","취미 동반자상","이취미","가족의 취미 활동을 함께하며 소중한 시간을 보내는 그의 열정을 칭찬하기 위해 이 상을 수여합니다.","가족 취미 동반 모임"
"항상 가족의 사진을 찍어주는 사람에게 상을 주고 싶어.","사진사상","김사진","가족의 소중한 순간을 사진으로 남기며 추억을 기록하는 그의 눈썰미와 섬세함을 칭찬하기 위해 이 상을 수여합니다.","가족 사진 기록 협회"
"항상 가족의 신발을 정리하는 사람에게 상을 주고 싶어.","신발 정리왕상","박신발","가족의 신발을 항상 정돈하며 깔끔한 현관을 유지하는 그의 배려를 칭찬하기 위해 이 상을 수여합니다.","가족 정리정돈 전문가 협회"
"항상 가족의 반려동물을 돌보는 사람에게 상을 주고 싶어.","반려동물 지킴이상","최반려","가족의 반려동물을 사랑으로 돌보며 모두의 마음을 따뜻하게 하는 그의 애정을 칭찬하기 위해 이 상을 수여합니다.","가족 반려동물 사랑 모임"
"항상 가족에게 긍정적인 에너지를 주는 사람에게 상을 주고 싶어.","긍정 에너지 전달자상","이긍정","가족에게 긍정적인 에너지를 전하며 모두를 활기차게 만드는 그의 밝은 성격을 칭찬하기 위해 이 상을 수여합니다.","가족 긍정 에너지 협회"
"항상 가족의 추억을 소중히 여기는 사람에게 상을 주고 싶어.","추억 지킴이상","추억왕","가족의 소중한 순간을 기억하며 모든 추억을 간직하는 그의 따뜻한 마음을 칭찬하기 위해 이 상을 수여합니다.","가족 추억 보존 협회"
"항상 가족의 옷을 정리하는 사람에게 상을 주고 싶어.","옷 정리왕상","김정리","가족의 옷을 깔끔하게 정리해 공간을 효율적으로 사용하는 그의 꼼꼼함을 칭찬하기 위해 이 상을 수여합니다.","가족 옷 정리 전문가 모임"
"항상 가족의 취향을 존중하는 사람에게 상을 주고 싶어.","취향 존중왕상","박취향","가족의 다양한 취향을 존중하며 모두가 만족하는 가정을 만드는 그의 배려심을 칭찬하기 위해 이 상을 수여합니다.","가족 취향 존중 협회"
"항상 가족과 함께 운동하는 사람에게 상을 주고 싶어.","운동 파트너상","최운동","가족과 함께 운동하며 건강하고 활기찬 생활을 만드는 그의 헌신을 칭찬하기 위해 이 상을 수여합니다.","가족 운동 협회"
"항상 가족의 집을 장식하는 사람에게 상을 주고 싶어.","집 장식왕상","김장식","가족의 집을 아름답게 꾸며 모두가 행복한 공간을 만드는 그의 예술적 감각을 칭찬하기 위해 이 상을 수여합니다.","가족 인테리어 전문가 협회"
"항상 가족의 갈등을 해결하는 사람에게 상을 주고 싶어.","갈등 해결자상","갈등왕","가족 간의 갈등을 원만하게 해결하며 모두가 화목하게 지낼 수 있도록 돕는 그의 지혜를 칭찬하기 위해 이 상을 수여합니다.","가족 화합 전문가 협회"
"항상 가족의 옷을 세탁하는 사람에게 상을 주고 싶어.","세탁 마스터상","이세탁","가족의 옷을 깔끔하게 세탁해 모두가 깨끗한 옷을 입을 수 있도록 하는 그의 정성을 칭찬하기 위해 이 상을 수여합니다.","가족 세탁 관리 협회"
"항상 가족에게 좋은 음악을 추천하는 사람에게 상을 주고 싶어.","음악 추천왕상","박음악","가족에게 좋은 음악을 추천하며 모두가 함께 즐거운 시간을 보내는 그의 음악 감각을 칭찬하기 위해 이 상을 수여합니다.","가족 음악 전문가 협회"
"항상 가족에게 새로운 놀이를 소개하는 사람에게 상을 주고 싶어.","놀이 혁신자상","이놀이","가족에게 새로운 놀이를 소개해 모두가 재미있게 시간을 보낼 수 있도록 하는 그의 창의력을 칭찬하기 위해 이 상을 수여합니다.","가족 놀이 기획팀"
"항상 가족의 잠자리를 챙기는 사람에게 상을 주고 싶어.","잠자리 지킴이상","최잠","가족의 편안한 잠자리를 위해 세심하게 신경 쓰는 그의 배려심을 칭찬하기 위해 이 상을 수여합니다.","가족 수면 전문가 협회"
"항상 가족의 전기 요금을 절약하는 사람에게 상을 주고 싶어.","에너지 절약왕상","박절약","가족의 전기 요금을 절약하며 환경을 보호하고 경제적으로 생활하는 그의 책임감을 칭찬하기 위해 이 상을 수여합니다.","가족 에너지 절약 모임"
"항상 가족의 재활용을 철저히 실천하는 사람에게 상을 주고 싶어.","재활용 지킴이상","김재활용","가족의 재활용을 철저히 실천하며 환경을 보호하는 그의 노력을 칭찬하기 위해 이 상을 수여합니다.","가족 환경 보호 협회"
"항상 가족의 요리를 돕는 사람에게 상을 주고 싶어.","요리 도우미상","박도움","가족의 요리를 항상 도와주며 모두가 함께하는 식사를 만드는 그의 협동심을 칭찬하기 위해 이 상을 수여합니다.","가족 요리 도우미 모임"
"항상 가족의 장을 보는 사람에게 상을 주고 싶어.","장보기 전문가상","장보기왕","가족을 위한 장을 항상 보며 필요한 모든 물품을 챙기는 그의 꼼꼼함을 칭찬하기 위해 이 상을 수여합니다.","가족 쇼핑 전문가 모임"
"항상 가족의 운동을 독려하는 사람에게 상을 주고 싶어.","운동 독려자상","이운동","가족의 건강을 위해 운동을 독려하며 모두의 활력을 돋우는 그의 열정을 칭찬하기 위해 이 상을 수여합니다.","가족 운동 장려 협회"
"항상 가족에게 칭찬을 아끼지 않는 사람에게 상을 주고 싶어.","칭찬 전도사상","최칭찬","가족에게 아낌없이 칭찬을 전하며 모두의 자존감을 높여주는 그의 따뜻한 마음을 칭찬하기 위해 이 상을 수여합니다.","가족 칭찬 전문가 모임"
"항상 가족의 학업을 응원하는 사람에게 상을 주고 싶어.","학업 응원자상","김응원","가족의 학업을 성실히 응원하며 모든 도전에 함께하는 그의 열정을 칭찬하기 위해 이 상을 수여합니다.","가족 학업 응원 모임"
"항상 가족의 옷을 세탁하는 사람에게 상을 주고 싶어.","세탁왕상","이세탁","가족의 옷을 깔끔하게 세탁해 모두가 편안한 옷을 입을 수 있도록 하는 그의 섬세함을 칭찬하기 위해 이 상을 수여합니다.","가족 세탁 전문가 모임"
"항상 가족의 음식물을 낭비하지 않는 사람에게 상을 주고 싶어.","음식 낭비 방지자상","박절약","가족의 음식물을 낭비하지 않으며 경제적이고 친환경적인 생활을 실천하는 그의 책임감을 칭찬하기 위해 이 상을 수여합니다.","가족 환경 보호 협회"
"항상 학생들을 위해 최선을 다하는 교사에게 상을 주고 싶어.","열정 가득한 교사상","이선생","학생들의 성장을 위해 열정적으로 가르치는 그의 헌신을 칭찬하기 위해 이 상을 수여합니다.","교육 열정 협회"
"항상 환자들의 건강을 지켜주는 의사에게 상을 주고 싶어.","건강 지킴이상","김의사","환자들의 건강을 위해 최선을 다하며, 의료 현장에서 헌신하는 그의 노력을 칭찬하기 위해 이 상을 수여합니다.","의료 헌신 협회"
"항상 소방 현장에서 위험을 무릅쓰는 소방관에게 상을 주고 싶어.","영웅 소방관상","최소방","화재와 재난 현장에서 시민들을 구하기 위해 자신의 목숨을 걸고 일하는 그의 용기를 칭찬하기 위해 이 상을 수여합니다.","소방 영웅 협회"
"항상 공공 안전을 책임지는 경찰관에게 상을 주고 싶어.","공공 안전 수호자상","박경찰","시민들의 안전을 지키기 위해 불철주야 노력하며 봉사하는 그의 헌신을 칭찬하기 위해 이 상을 수여합니다.","공공 안전 관리 협회"
"항상 건설 현장에서 일하는 건축 노동자에게 상을 주고 싶어.","건설의 힘상","이건설","건설 현장에서 안전하고 견고한 건물을 짓기 위해 구슬땀을 흘리는 그의 노고를 칭찬하기 위해 이 상을 수여합니다.","건설 노동자 지원 협회"
"항상 새로운 기술을 개발하는 엔지니어에게 상을 주고 싶어.","기술 혁신자상","최기술","기술 개발을 통해 혁신을 이끌고 더 나은 세상을 만드는 그의 창의력을 칭찬하기 위해 이 상을 수여합니다.","기술 혁신 협회"
"항상 고객의 필요를 채워주는 판매원에게 상을 주고 싶어.","최고 판매원상","박판매","고객의 요구를 파악하고 성심성의껏 서비스를 제공하는 그의 책임감을 칭찬하기 위해 이 상을 수여합니다.","판매 서비스 관리 협회"
"항상 도시를 깨끗하게 유지하는 환경미화원에게 상을 주고 싶어.","깨끗한 도시 지킴이상","김미화","도시의 청결을 유지하기 위해 이른 새벽부터 꾸준히 일하는 그의 노고를 칭찬하기 위해 이 상을 수여합니다.","환경미화 지원 협회"
"항상 창작에 몰두하는 작가에게 상을 주고 싶어.","창작의 불꽃상","이작가","창의적인 이야기와 생각으로 세상에 새로운 시각을 제공하는 그의 열정을 칭찬하기 위해 이 상을 수여합니다.","창작 예술가 협회"
"항상 농작물을 돌보는 농부에게 상을 주고 싶어.","땅의 영웅상","박농부","힘들고 고된 노동을 감수하며 땅에서 소중한 작물을 기르는 그의 노력을 칭찬하기 위해 이 상을 수여합니다.","농업 발전 협회"
"항상 음식을 준비하는 요리사에게 상을 주고 싶어.","요리의 예술가상","최셰프","맛있는 음식을 통해 사람들의 일상에 기쁨을 주는 그의 요리 실력을 칭찬하기 위해 이 상을 수여합니다.","요리 예술가 협회"
"항상 창조적인 광고를 만드는 광고기획자에게 상을 주고 싶어.","창의 광고 기획자상","김광고","창조적인 아이디어와 전략으로 고객의 눈길을 사로잡는 그의 창의성을 칭찬하기 위해 이 상을 수여합니다.","광고 기획 전문가 협회"
"항상 아이들의 꿈을 지지하는 어린이집 교사에게 상을 주고 싶어.","어린이 꿈 지킴이상","이교사","아이들의 꿈을 지지하고 사랑으로 보살피는 그의 따뜻한 마음을 칭찬하기 위해 이 상을 수여합니다.","어린이집 교사 협회"
"항상 상품을 안전하게 배달하는 택배 기사에게 상을 주고 싶어.","안전 배달왕상","최택배","고객의 상품을 안전하고 신속하게 배달하기 위해 하루도 쉬지 않고 노력하는 그의 성실함을 칭찬하기 위해 이 상을 수여합니다.","물류 배달 협회"
"항상 전자기기를 고치는 수리기사에게 상을 주고 싶어.","수리의 마법사상","박수리","고장난 기기를 다시 새것처럼 만들며 사람들의 불편을 해소해주는 그의 능력을 칭찬하기 위해 이 상을 수여합니다.","수리 전문가 협회"
"항상 신속하게 환자를 구조하는 구급대원에게 상을 주고 싶어.","응급 구조 영웅상","김구급","긴급 상황에서 환자를 구조하고 생명을 구하기 위해 헌신하는 그의 빠른 판단력을 칭찬하기 위해 이 상을 수여합니다.","구급대원 협회"
"항상 고객의 집을 청소해주는 가사도우미에게 상을 주고 싶어.","집안 청결 마스터상","최도우미","고객의 집을 말끔하게 청소해 편안한 환경을 제공하는 그의 꼼꼼함을 칭찬하기 위해 이 상을 수여합니다.","가사도우미 협회"
"항상 방송을 통해 정보를 전달하는 아나운서에게 상을 주고 싶어.","정보 전달자상","박아나운서","정확하고 신속하게 정보를 전달해 시청자의 신뢰를 얻는 그의 프로페셔널함을 칭찬하기 위해 이 상을 수여합니다.","방송 아나운서 협회"
"항상 국가를 지키는 군인에게 상을 주고 싶어.","국방의 수호자상","이군인","국가와 국민을 지키기 위해 헌신하며 군사 현장에서 용감하게 임무를 수행하는 그의 책임감을 칭찬하기 위해 이 상을 수여합니다.","국방 헌신 협회"
"항상 자연을 연구하는 생물학자에게 상을 주고 싶어.","자연 탐구자상","박생물","생태계를 연구하고 자연의 비밀을 밝혀내는 그의 탐구 정신을 칭찬하기 위해 이 상을 수여합니다.","자연 연구 협회"
"항상 사람들의 법적 문제를 해결하는 변호사에게 상을 주고 싶어.","정의 수호자상","김변호사","정의를 위해 싸우며 사람들의 권리를 보호하는 그의 지혜와 용기를 칭찬하기 위해 이 상을 수여합니다.","법조계 정의 협회"
"항상 불법을 단속하는 세관 직원에게 상을 주고 싶어.","국경 수호자상","최세관","국경을 지키며 불법 물품을 차단하고 국가 경제를 보호하는 그의 책임감을 칭찬하기 위해 이 상을 수여합니다.","세관 관리 협회"
"항상 우편물을 배달하는 우체부에게 상을 주고 싶어.","우편 배달왕상","이우체","날씨에 상관없이 우편물을 정확하고 신속하게 배달하는 그의 성실함을 칭찬하기 위해 이 상을 수여합니다.","우편 배달 전문가 협회"
"항상 연구에 몰두하는 과학자에게 상을 주고 싶어.","지식 탐구왕상","김과학","과학적 호기심과 열정으로 새로운 발견을 이끌어내는 그의 노력과 성과를 칭찬하기 위해 이 상을 수여합니다.","과학 탐구 협회"
"항상 환자들을 보살피는 간호사에게 상을 주고 싶어.","사랑의 간호사상","박간호","환자들에게 따뜻한 돌봄을 제공하며 그들의 회복을 위해 헌신하는 그의 배려심을 칭찬하기 위해 이 상을 수여합니다.","간호 전문가 협회"
"항상 새로운 소프트웨어를 개발하는 개발자에게 상을 주고 싶어.","코드 마법사상","최개발","혁신적인 소프트웨어를 개발해 세상을 변화시키는 그의 뛰어난 개발 능력을 칭찬하기 위해 이 상을 수여합니다.","소프트웨어 개발 협회"
"항상 어린이의 교육을 책임지는 유치원 교사에게 상을 주고 싶어.","어린이 교육 지킴이상","이유치원","아이들의 첫 교육을 책임지며 그들의 성장을 돕는 그의 헌신을 칭찬하기 위해 이 상을 수여합니다.","유치원 교육 협회"
"항상 예술작품을 창작하는 화가에게 상을 주고 싶어.","창조의 화가상","박화가","색감과 창의력을 통해 세상에 감동을 주는 작품을 창작하는 그의 예술적 재능을 칭찬하기 위해 이 상을 수여합니다.","미술 창작 협회"
"항상 대중을 위한 공연을 기획하는 공연기획자에게 상을 주고 싶어.","공연 기획자상","이기획","대중을 위한 멋진 공연을 기획해 관객들에게 잊지 못할 경험을 선사하는 그의 기획력을 칭찬하기 위해 이 상을 수여합니다.","공연기획 전문가 협회"
"항상 비즈니스 성장을 이끄는 마케팅 전문가에게 상을 주고 싶어.","마케팅 마스터상","최마케팅","비즈니스 성장을 이끄는 마케팅 전략을 수립하며 탁월한 성과를 내는 그의 전문성을 칭찬하기 위해 이 상을 수여합니다.","마케팅 전문가 협회"
"항상 고객의 머리를 스타일링하는 헤어 디자이너에게 상을 주고 싶어.","헤어 스타일 마법사상","박헤어","고객의 머리를 아름답게 스타일링해 자신감을 불어넣는 그의 뛰어난 기술을 칭찬하기 위해 이 상을 수여합니다.","헤어 디자이너 협회"
"항상 건물을 관리하는 관리인에게 상을 주고 싶어.","건물 관리왕상","이관리","건물의 청결과 안전을 책임지며 항상 꼼꼼하게 관리하는 그의 노고를 칭찬하기 위해 이 상을 수여합니다.","건물 관리 협회"
"항상 사람들을 안전하게 운전해주는 버스 기사에게 상을 주고 싶어.","안전 운전왕상","최버스","승객을 안전하고 편안하게 목적지까지 운전해주는 그의 책임감을 칭찬하기 위해 이 상을 수여합니다.","버스 운전기사 협회"
"항상 고장난 가구를 수리하는 목수에게 상을 주고 싶어.","목수 마스터상","김목수","정교한 기술로 고장난 가구를 수리하며 집안을 튼튼하게 만드는 그의 능력을 칭찬하기 위해 이 상을 수여합니다.","목공 전문가 협회"
"항상 도시의 공기를 맑게 해주는 정원사에게 상을 주고 싶어.","녹색 도시 지킴이상","박정원","도시의 나무와 꽃을 가꾸어 도시를 더욱 푸르게 만드는 그의 헌신을 칭찬하기 위해 이 상을 수여합니다.","정원사 협회"
"항상 창의적인 웹사이트를 디자인하는 웹디자이너에게 상을 주고 싶어.","웹 디자인 혁신자상","최디자이너","창의적이고 아름다운 웹사이트를 디자인해 사용자 경험을 향상시키는 그의 재능을 칭찬하기 위해 이 상을 수여합니다.","웹디자이너 협회"
"항상 화학 연구를 하는 화학자에게 상을 주고 싶어.","화학 혁신자상","김화학","새로운 화학 물질과 혁신적인 방법을 연구해 과학 발전에 기여하는 그의 연구 능력을 칭찬하기 위해 이 상을 수여합니다.","화학 연구 협회"
"항상 전통 문화를 지키는 전통 공예가에게 상을 주고 싶어.","전통 문화 수호자상","박공예","전통 공예를 보존하고 현대에 계승하며 문화 유산을 지키는 그의 노력과 열정을 칭찬하기 위해 이 상을 수여합니다.","전통 공예 협회"
"항상 사람들의 법적 문제를 중재하는 판사에게 상을 주고 싶어.","공정한 판사상","최판사","사회의 법과 정의를 공정하게 중재하며 사람들의 문제를 해결하는 그의 책임감을 칭찬하기 위해 이 상을 수여합니다.","법원 판사 협회"
"항상 새로운 곡을 작곡하는 음악가에게 상을 주고 싶어.","음악 창작왕상","이작곡가","창의적인 곡을 만들어 사람들에게 감동을 주는 그의 음악적 재능을 칭찬하기 위해 이 상을 수여합니다.","음악 창작가 협회"
"항상 문학 작품을 번역하는 번역가에게 상을 주고 싶어.","문학 번역왕상","김번역","다양한 언어의 문학 작품을 번역해 새로운 문화를 소개하는 그의 노고를 칭찬하기 위해 이 상을 수여합니다.","번역가 협회"
"항상 경제 문제를 분석하는 경제학자에게 상을 주고 싶어.","경제 분석가상","박경제","복잡한 경제 문제를 분석해 사람들에게 통찰력을 제공하는 그의 지식과 노력을 칭찬하기 위해 이 상을 수여합니다.","경제 연구 협회"
"항상 범죄를 예방하는 형사에게 상을 주고 싶어.","범죄 예방자상","최형사","범죄 현장에서 사람들을 보호하고 정의를 수호하는 그의 용기를 칭찬하기 위해 이 상을 수여합니다.","형사 협회"
"항상 집안일을 돕는 자녀에게 상을 주고 싶어.","가사 도우미상","김지우","집안일을 솔선수범하며 가족을 도와주는 그의 배려심과 성실함을 칭찬하기 위해 이 상을 수여합니다.","가정 협력 위원회"
"항상 숙제를 성실하게 하는 자녀에게 상을 주고 싶어.","숙제 성실왕상","이민준","매일 숙제를 성실하게 완수하며 학습에 최선을 다하는 그의 노력과 집중력을 칭찬하기 위해 이 상을 수여합니다.","성실 학습 협회"
"항상 학교에서 모범을 보이는 자녀에게 상을 주고 싶어.","학교 모범생상","박서연","학교에서 규칙을 잘 지키고 친구들에게 좋은 본보기가 되는 그의 책임감을 칭찬하기 위해 이 상을 수여합니다.","학교 모범 협회"
"항상 친구를 잘 돕는 자녀에게 상을 주고 싶어.","친구 도우미상","최하린","친구들이 어려움을 겪을 때마다 항상 손을 내밀어 도와주는 그의 따뜻한 마음을 칭찬하기 위해 이 상을 수여합니다.","친구 돕기 협회"
"항상 건강하게 성장하는 자녀에게 상을 주고 싶어.","건강한 성장왕상","김도현","매일 건강한 식습관과 규칙적인 운동으로 멋지게 성장하고 있는 그의 의지를 칭찬하기 위해 이 상을 수여합니다.","건강 성장 협회"
"항상 가족과 시간을 잘 보내는 자녀에게 상을 주고 싶어.","가족 시간 지킴이상","이서현","가족과 함께하는 시간을 소중히 여기며 늘 함께 웃고 즐기는 그의 따뜻함을 칭찬하기 위해 이 상을 수여합니다.","가족 유대 강화 협회"
"항상 책을 많이 읽는 자녀에게 상을 주고 싶어.","책 읽기 왕상","박민지","다양한 책을 읽으며 지식을 넓히고 상상력을 키우는 그의 독서 열정을 칭찬하기 위해 이 상을 수여합니다.","독서 장려 협회"
"항상 예의 바른 행동을 하는 자녀에게 상을 주고 싶어.","예의 바른 아이상","정우진","어른들에게 공손하며 친구들과도 예의를 지키며 행동하는 그의 배려심을 칭찬하기 위해 이 상을 수여합니다.","예의 바른 아이 협회"
"항상 새로운 것을 배우려는 자녀에게 상을 주고 싶어.","호기심 대장상","김유진","새로운 지식과 경험을 얻기 위해 항상 노력하고 도전하는 그의 호기심과 열정을 칭찬하기 위해 이 상을 수여합니다.","학습 호기심 협회"
"항상 운동을 열심히 하는 자녀에게 상을 주고 싶어.","운동왕상","이정민","운동장에서 최선을 다하며 건강한 몸과 마음을 키우는 그의 노력을 칭찬하기 위해 이 상을 수여합니다.","청소년 체육 협회"
"항상 가족을 웃게 만드는 자녀에게 상을 주고 싶어.","웃음 제조기상","최지호","가족에게 밝은 에너지를 주고 웃음을 선물하는 그의 긍정적인 태도를 칭찬하기 위해 이 상을 수여합니다.","가족 행복 협회"
"항상 동생을 잘 돌봐주는 자녀에게 상을 주고 싶어.","동생 돌봄상","박서준","동생을 친절하게 돌봐주고 좋은 본보기가 되어주는 그의 따뜻한 마음을 칭찬하기 위해 이 상을 수여합니다.","가족 돌봄 협회"
"항상 자신의 물건을 정리정돈하는 자녀에게 상을 주고 싶어.","정리정돈왕상","김나연","자신의 물건을 깔끔하게 정리하고 항상 청결을 유지하는 그의 철저함을 칭찬하기 위해 이 상을 수여합니다.","청결 습관 협회"
"항상 새로운 취미를 찾아 즐기는 자녀에게 상을 주고 싶어.","취미 탐험가상","이현서","다양한 취미를 통해 자신을 표현하고 즐거움을 찾는 그의 창의성을 칭찬하기 위해 이 상을 수여합니다.","청소년 취미 협회"
"항상 부모님을 잘 돕는 자녀에게 상을 주고 싶어.","부모님 도우미상","최예린","부모님을 자주 도와주며 가족을 위해 작은 일도 기꺼이 나서는 그의 효심을 칭찬하기 위해 이 상을 수여합니다.","가족 효심 협회"
"항상 자신감을 가지고 도전하는 자녀에게 상을 주고 싶어.","자신감 챔피언상","박지후","무엇이든 자신감을 가지고 도전하며 어려움 속에서도 포기하지 않는 그의 용기를 칭찬하기 위해 이 상을 수여합니다.","자신감 성장 협회"
"항상 환경을 생각하는 자녀에게 상을 주고 싶어.","환경 지킴이상","이준서","작은 일부터 환경을 보호하고 실천하는 그의 착한 마음을 칭찬하기 위해 이 상을 수여합니다.","환경 보호 협회"
"항상 꿈을 향해 열심히 노력하는 자녀에게 상을 주고 싶어.","꿈을 향해 달리는상","김수현","자신의 꿈을 이루기 위해 매일 최선을 다하며 노력을 아끼지 않는 그의 결단력을 칭찬하기 위해 이 상을 수여합니다.","꿈 응원 협회"
"항상 친구들과 사이좋게 지내는 자녀에게 상을 주고 싶어.","우정 지킴이상","최민혁","친구들과 항상 사이좋게 지내며 다툼 없이 화합을 이루는 그의 친절함을 칭찬하기 위해 이 상을 수여합니다.","청소년 우정 협회"
"항상 가족에게 좋은 영향을 주는 자녀에게 상을 주고 싶어.","가족의 빛상","정하은","가족 모두에게 긍정적인 에너지를 주고 서로를 더 아끼고 사랑하게 만드는 그의 아름다운 마음을 칭찬하기 위해 이 상을 수여합니다.","가족 행복 협회"
"항상 자신을 사랑하는 자녀에게 상을 주고 싶어.","자기 사랑왕상","김현우","자신을 소중히 여기고 긍정적인 자아상을 가지고 건강한 삶을 살아가는 그의 태도를 칭찬하기 위해 이 상을 수여합니다.","청소년 자기관리 협회"
"항상 창의적인 아이디어를 생각하는 자녀에게 상을 주고 싶어.","창의력 대장상","이주원","매일 창의적인 아이디어와 생각을 바탕으로 새로운 시도를 해나가는 그의 창조성을 칭찬하기 위해 이 상을 수여합니다.","창의력 개발 협회"
"항상 부모님 말씀을 잘 듣는 자녀에게 상을 주고 싶어.","부모님 말씀 지킴이상","박예은","부모님의 말씀을 잘 듣고 존중하며 올바르게 행동하는 그의 착한 마음을 칭찬하기 위해 이 상을 수여합니다.","가족 소통 협회"
"항상 학교 생활에 최선을 다하는 자녀에게 상을 주고 싶어.","학교 생활 우등생상","최유나","학교에서 친구들과 협력하며 학업과 다양한 활동에서 성실히 임하는 그의 노력을 칭찬하기 위해 이 상을 수여합니다.","학교 생활 장려 협회"
"항상 운동장에서 뛰어다니는 자녀에게 상을 주고 싶어.","에너지 폭발상","정태민","운동장에서 끊임없이 활동하며 건강한 에너지를 발산하는 그의 활기를 칭찬하기 위해 이 상을 수여합니다.","청소년 체력 증진 협회"
"항상 시간을 잘 지키는 자녀에게 상을 주고 싶어.","시간 지킴이상","이서준","약속 시간을 잘 지키고 시간을 소중히 여기는 그의 철저한 계획성과 책임감을 칭찬하기 위해 이 상을 수여합니다.","시간 관리 협회"
"항상 미소를 잃지 않는 자녀에게 상을 주고 싶어.","미소 천사상","김하린","힘든 순간에도 밝은 미소를 잃지 않으며 주위 사람들에게 긍정적인 영향을 주는 그의 따뜻한 마음을 칭찬하기 위해 이 상을 수여합니다.","청소년 긍정 에너지 협회"
"항상 새로운 기술을 배우려는 자녀에게 상을 주고 싶어.","기술 탐구자상","박지민","새로운 기술을 배우고 탐구하며 항상 발전을 꿈꾸는 그의 학구열을 칭찬하기 위해 이 상을 수여합니다.","청소년 기술 개발 협회"
"항상 가족을 배려하는 자녀에게 상을 주고 싶어.","가족 배려왕상","최민아","항상 가족을 배려하고 작은 행동 하나하나에도 따뜻한 마음을 담는 그의 착한 심성을 칭찬하기 위해 이 상을 수여합니다.","가족 배려 협회"
"항상 학교에서 선생님을 돕는 자녀에게 상을 주고 싶어.","선생님 도우미상","김지훈","학교에서 선생님을 자주 도와주며 주변 사람들에게 선한 영향을 미치는 그의 배려심을 칭찬하기 위해 이 상을 수여합니다.","청소년 리더십 협회"
"항상 음악을 사랑하는 자녀에게 상을 주고 싶어.","음악 애호가상","이준호","음악을 통해 자신을 표현하고 감정을 나누며 예술을 사랑하는 그의 열정을 칭찬하기 위해 이 상을 수여합니다.","청소년 예술 협회"
"항상 친구를 도와주는 친구에게 상을 주고 싶어.","친구 도우미상","김지민","어려울 때마다 친구들에게 손을 내밀어 도와주는 그의 따뜻한 마음을 칭찬하기 위해 이 상을 수여합니다.","우정 도우미 협회"
"항상 친구들과 잘 어울리는 친구에게 상을 주고 싶어.","우정 만렙상","박서준","모두와 잘 어울리고 화합하며 친구들에게 긍정적인 영향을 주는 그의 사교성을 칭찬하기 위해 이 상을 수여합니다.","친구 사교성 협회"
"항상 친구에게 웃음을 주는 친구에게 상을 주고 싶어.","웃음 메이커상","이하린","언제나 주변 친구들에게 웃음을 선사하며 긍정적인 에너지를 퍼뜨리는 그의 밝음을 칭찬하기 위해 이 상을 수여합니다.","웃음 협회"
"항상 친구들의 비밀을 잘 지켜주는 친구에게 상을 주고 싶어.","비밀 지킴이상","최지훈","친구들의 비밀을 철저히 지키며 신뢰를 쌓아가는 그의 충성심을 칭찬하기 위해 이 상을 수여합니다.","친구 신뢰 협회"
"항상 친구의 생일을 기억하는 친구에게 상을 주고 싶어.","생일 챔피언상","정민지","친구들의 생일을 잊지 않고 챙기며 따뜻한 마음을 나누는 그의 세심함을 칭찬하기 위해 이 상을 수여합니다.","생일 기억 협회"
"항상 친구의 고민을 들어주는 친구에게 상을 주고 싶어.","경청의 달인상","김하준","친구들의 이야기를 들어주고 공감하며 진심 어린 조언을 아끼지 않는 그의 배려심을 칭찬하기 위해 이 상을 수여합니다.","친구 경청 협회"
"항상 친구들과 모험을 즐기는 친구에게 상을 주고 싶어.","모험왕상","이서연","새로운 도전과 모험을 함께하며 친구들에게 용기를 불어넣는 그의 도전 정신을 칭찬하기 위해 이 상을 수여합니다.","모험 친구 협회"
"항상 친구에게 힘이 되어주는 친구에게 상을 주고 싶어.","우정의 기둥상","박준호","힘들 때마다 친구들에게 든든한 버팀목이 되어주는 그의 의리를 칭찬하기 위해 이 상을 수여합니다.","우정 의리 협회"
"항상 친구들과 함께 공부하는 친구에게 상을 주고 싶어.","공부 메이트상","최예린","친구들과 함께 학습하며 서로 도와주고 지식을 나누는 그의 협동심을 칭찬하기 위해 이 상을 수여합니다.","공부 협력 협회"
"항상 친구를 위해 요리를 해주는 친구에게 상을 주고 싶어.","요리사 친구상","정다현","맛있는 음식을 친구들과 나누며 정을 쌓는 그의 따뜻한 마음을 칭찬하기 위해 이 상을 수여합니다.","친구 요리 협회"
"항상 친구들에게 유용한 정보를 알려주는 친구에게 상을 주고 싶어.","정보왕상","김민재","유용한 정보를 찾아 친구들과 공유하며 모두에게 도움을 주는 그의 지혜를 칭찬하기 위해 이 상을 수여합니다.","정보 공유 협회"
"항상 친구들과 여행을 계획하는 친구에게 상을 주고 싶어.","여행 플래너상","이서준","친구들과의 여행을 꼼꼼하게 계획해 잊지 못할 추억을 만드는 그의 기획력을 칭찬하기 위해 이 상을 수여합니다.","친구 여행 협회"
"항상 친구를 위해 준비된 친구에게 상을 주고 싶어.","준비된 친구상","박유진","항상 친구들과의 모임에 필요한 것을 철저히 준비하며 배려하는 그의 꼼꼼함을 칭찬하기 위해 이 상을 수여합니다.","준비성 만렙 협회"
"항상 친구와 운동을 즐기는 친구에게 상을 주고 싶어.","운동 파트너상","최지성","친구와 함께 운동을 하며 서로의 건강을 챙기고 응원하는 그의 활력을 칭찬하기 위해 이 상을 수여합니다.","운동 친구 협회"
"항상 친구들에게 긍정적인 에너지를 주는 친구에게 상을 주고 싶어.","긍정 에너지상","이민주","어디서나 긍정적인 에너지를 발산해 친구들에게 기쁨과 힘을 주는 그의 밝음을 칭찬하기 위해 이 상을 수여합니다.","긍정 에너지 협회"
"항상 친구들과 영화나 드라마를 함께 보는 친구에게 상을 주고 싶어.","영상 매니아 친구상","김나연","친구들과 함께 영화나 드라마를 보며 감정을 나누고 즐거움을 더해주는 그의 문화적 열정을 칭찬하기 위해 이 상을 수여합니다.","영상 문화 협회"
"항상 친구의 패션을 챙겨주는 친구에게 상을 주고 싶어.","패션 코디네이터상","박지훈","친구들의 패션을 센스 있게 코디해주며 자신감을 북돋아주는 그의 센스를 칭찬하기 위해 이 상을 수여합니다.","패션 친구 협회"
"항상 친구들에게 공부를 가르쳐주는 친구에게 상을 주고 싶어.","공부 도우미상","정다인","친구들에게 학습을 도와주며 함께 성장해가는 그의 나눔 정신을 칭찬하기 위해 이 상을 수여합니다.","학습 지원 협회"
"항상 친구를 위해 시간을 내주는 친구에게 상을 주고 싶어.","시간 지킴이 친구상","김현수","바쁜 일정 속에서도 친구들과의 시간을 소중히 여기고 늘 함께 시간을 보내는 그의 충성심을 칭찬하기 위해 이 상을 수여합니다.","시간 관리 협회"
"항상 친구를 응원하는 친구에게 상을 주고 싶어.","응원왕상","이하은","친구의 꿈과 목표를 항상 응원하며 함께 기뻐하는 그의 따뜻한 마음을 칭찬하기 위해 이 상을 수여합니다.","응원 협회"
"항상 친구와 취미를 공유하는 친구에게 상을 주고 싶어.","취미 동반자상","박서현","함께 다양한 취미를 즐기며 서로의 취향을 존중하는 그의 배려심을 칭찬하기 위해 이 상을 수여합니다.","취미 동반자 협회"
"항상 친구들에게 용기를 주는 친구에게 상을 주고 싶어.","용기 부스터상","최지민","어려운 상황에서 친구들에게 용기와 힘을 북돋아주는 그의 긍정적인 힘을 칭찬하기 위해 이 상을 수여합니다.","용기 응원 협회"
"항상 친구들과 즐거운 추억을 만드는 친구에게 상을 주고 싶어.","추억 제조기상","김다인","친구들과 함께 잊지 못할 추억을 만들며 특별한 순간을 만들어가는 그의 창의성을 칭찬하기 위해 이 상을 수여합니다.","추억 창조 협회"
"항상 친구를 존중하는 친구에게 상을 주고 싶어.","존중의 친구상","이유진","모든 친구들을 평등하게 대하고 존중하며 소통하는 그의 성숙함을 칭찬하기 위해 이 상을 수여합니다.","친구 존중 협회"
"항상 친구들과 새로운 음식을 찾아다니는 친구에게 상을 주고 싶어.","맛집 탐방 친구상","최재민","친구들과 함께 새로운 맛집을 찾아다니며 색다른 미식 경험을 나누는 그의 미식 열정을 칭찬하기 위해 이 상을 수여합니다.","미식 탐방 협회"
"항상 친구와 이야기를 나누는 친구에게 상을 주고 싶어.","대화 메이트상","김윤지","깊은 대화를 통해 친구들과 소통하며 서로를 더 잘 이해하는 그의 소통 능력을 칭찬하기 위해 이 상을 수여합니다.","대화 소통 협회"
"항상 친구들에게 웃긴 이야기를 들려주는 친구에게 상을 주고 싶어.","유머 대장상","이준서","언제나 친구들에게 웃긴 이야기를 들려주며 분위기를 밝게 만드는 그의 유머 감각을 칭찬하기 위해 이 상을 수여합니다.","웃음 전파 협회"